{
  "claude-haiku-4.5": {
    "family": "anthropic",
    "overall": {
      "own_n": 619,
      "own_acc": 58.80452342487884,
      "other_n": 2258,
      "other_acc": 48.804251550044285,
      "delta_pp": 10.000271874834555,
      "ci_lo_pp": 5.703005719387966,
      "ci_hi_pp": 14.52369675367139
    },
    "tiers": {
      "1": {
        "own_n": 143,
        "own_acc": 75.52447552447552,
        "other_n": 345,
        "other_acc": 72.46376811594203,
        "delta_pp": 3.0607074085334918,
        "ci_lo_pp": -5.314381270903016,
        "ci_hi_pp": 11.46741664132968
      },
      "2": {
        "own_n": 181,
        "own_acc": 54.69613259668509,
        "other_n": 652,
        "other_acc": 44.47852760736196,
        "delta_pp": 10.217604989323126,
        "ci_lo_pp": 1.7457123004440231,
        "ci_hi_pp": 18.62770311493746
      },
      "3": {
        "own_n": 149,
        "own_acc": 61.07382550335571,
        "other_n": 432,
        "other_acc": 59.02777777777778,
        "delta_pp": 2.0460477255779264,
        "ci_lo_pp": -7.027366082525477,
        "ci_hi_pp": 11.442603467561517
      },
      "4": {
        "own_n": 146,
        "own_acc": 45.20547945205479,
        "other_n": 829,
        "other_acc": 37.03256936067551,
        "delta_pp": 8.172910091379283,
        "ci_lo_pp": -0.32513591222301375,
        "ci_hi_pp": 16.190636515359316
      }
    }
  },
  "claude-opus-4.7": {
    "family": "anthropic",
    "overall": {
      "own_n": 619,
      "own_acc": 86.59127625201938,
      "other_n": 2258,
      "other_acc": 77.5022143489814,
      "delta_pp": 9.089061903037987,
      "ci_lo_pp": 6.0638193978401755,
      "ci_hi_pp": 12.064474401553397
    },
    "tiers": {
      "1": {
        "own_n": 143,
        "own_acc": 97.9020979020979,
        "other_n": 345,
        "other_acc": 97.68115942028986,
        "delta_pp": 0.22093848180805287,
        "ci_lo_pp": -3.039373669808454,
        "ci_hi_pp": 2.949224688355123
      },
      "2": {
        "own_n": 181,
        "own_acc": 82.87292817679558,
        "other_n": 652,
        "other_acc": 74.38650306748467,
        "delta_pp": 8.486425109310913,
        "ci_lo_pp": 2.4694734433786354,
        "ci_hi_pp": 14.966677117581263
      },
      "3": {
        "own_n": 149,
        "own_acc": 89.93288590604027,
        "other_n": 432,
        "other_acc": 85.87962962962963,
        "delta_pp": 4.053256276410644,
        "ci_lo_pp": -1.8993910017399986,
        "ci_hi_pp": 9.88651193139448
      },
      "4": {
        "own_n": 146,
        "own_acc": 76.71232876712328,
        "other_n": 829,
        "other_acc": 67.18938480096502,
        "delta_pp": 9.52294396615827,
        "ci_lo_pp": 1.7944337954624356,
        "ci_hi_pp": 16.65428722507724
      }
    }
  },
  "claude-opus-4.7-thinking": {
    "family": "anthropic",
    "overall": {
      "own_n": 619,
      "own_acc": 86.91437802907916,
      "other_n": 2258,
      "other_acc": 77.19220549158547,
      "delta_pp": 9.72217253749369,
      "ci_lo_pp": 6.5480821376802805,
      "ci_hi_pp": 13.06520095127574
    },
    "tiers": {
      "1": {
        "own_n": 143,
        "own_acc": 97.9020979020979,
        "other_n": 345,
        "other_acc": 98.55072463768117,
        "delta_pp": -0.6486267355832576,
        "ci_lo_pp": -3.6160940508766615,
        "ci_hi_pp": 1.7391304347826098
      },
      "2": {
        "own_n": 181,
        "own_acc": 83.97790055248619,
        "other_n": 652,
        "other_acc": 73.77300613496932,
        "delta_pp": 10.204894417516863,
        "ci_lo_pp": 4.5549605124902515,
        "ci_hi_pp": 16.58882147578212
      },
      "3": {
        "own_n": 149,
        "own_acc": 89.26174496644296,
        "other_n": 432,
        "other_acc": 85.87962962962963,
        "delta_pp": 3.3821153368133294,
        "ci_lo_pp": -2.3373026969923014,
        "ci_hi_pp": 9.237509321401937
      },
      "4": {
        "own_n": 146,
        "own_acc": 77.3972602739726,
        "other_n": 829,
        "other_acc": 66.46562123039807,
        "delta_pp": 10.931639043574526,
        "ci_lo_pp": 3.121230398069963,
        "ci_hi_pp": 18.86659946791811
      }
    }
  },
  "qwen-2.5-7b": {
    "family": "qwen",
    "overall": {
      "own_n": 667,
      "own_acc": 60.86956521739131,
      "other_n": 2210,
      "other_acc": 51.90045248868779,
      "delta_pp": 8.969112728703521,
      "ci_lo_pp": 4.531316355396969,
      "ci_hi_pp": 13.226999057032565
    },
    "tiers": {
      "1": {
        "own_n": 104,
        "own_acc": 86.53846153846155,
        "other_n": 384,
        "other_acc": 74.21875,
        "delta_pp": 12.319711538461542,
        "ci_lo_pp": 3.8857171474359,
        "ci_hi_pp": 20.01201923076923
      },
      "2": {
        "own_n": 173,
        "own_acc": 54.33526011560693,
        "other_n": 660,
        "other_acc": 47.72727272727273,
        "delta_pp": 6.607987388334202,
        "ci_lo_pp": -1.9020187423366606,
        "ci_hi_pp": 14.55064372044141
      },
      "3": {
        "own_n": 163,
        "own_acc": 64.41717791411043,
        "other_n": 418,
        "other_acc": 57.17703349282297,
        "delta_pp": 7.240144421287454,
        "ci_lo_pp": -1.964144186456102,
        "ci_hi_pp": 16.208574280095096
      },
      "4": {
        "own_n": 227,
        "own_acc": 51.541850220264315,
        "other_n": 748,
        "other_acc": 41.17647058823529,
        "delta_pp": 10.365379632029025,
        "ci_lo_pp": 2.701874602464131,
        "ci_hi_pp": 17.337275318617635
      }
    }
  },
  "qwen-2.5-72b": {
    "family": "qwen",
    "overall": {
      "own_n": 667,
      "own_acc": 66.11694152923539,
      "other_n": 2210,
      "other_acc": 64.07239819004525,
      "delta_pp": 2.04454333919013,
      "ci_lo_pp": -2.0857523726824367,
      "ci_hi_pp": 6.020753763389796
    },
    "tiers": {
      "1": {
        "own_n": 104,
        "own_acc": 93.26923076923077,
        "other_n": 384,
        "other_acc": 90.88541666666666,
        "delta_pp": 2.383814102564108,
        "ci_lo_pp": -3.20713141025641,
        "ci_hi_pp": 7.894631410256409
      },
      "2": {
        "own_n": 173,
        "own_acc": 54.91329479768786,
        "other_n": 660,
        "other_acc": 59.24242424242424,
        "delta_pp": -4.329129444736379,
        "ci_lo_pp": -12.398493606586088,
        "ci_hi_pp": 3.8194079523559243
      },
      "3": {
        "own_n": 163,
        "own_acc": 73.00613496932516,
        "other_n": 418,
        "other_acc": 72.96650717703349,
        "delta_pp": 0.039627792291663244,
        "ci_lo_pp": -8.009217130947832,
        "ci_hi_pp": 7.862520914668149
      },
      "4": {
        "own_n": 227,
        "own_acc": 57.268722466960355,
        "other_n": 748,
        "other_acc": 49.59893048128342,
        "delta_pp": 7.669791985676932,
        "ci_lo_pp": 0.6984999646634747,
        "ci_hi_pp": 15.654844637093923
      }
    }
  },
  "llama-3.3-70b": {
    "family": "meta",
    "overall": {
      "own_n": 629,
      "own_acc": 65.50079491255963,
      "other_n": 2248,
      "other_acc": 63.56761565836299,
      "delta_pp": 1.9331792541966375,
      "ci_lo_pp": -2.301590108006269,
      "ci_hi_pp": 6.140055955054909
    },
    "tiers": {
      "1": {
        "own_n": 140,
        "own_acc": 88.57142857142857,
        "other_n": 348,
        "other_acc": 89.36781609195403,
        "delta_pp": -0.7963875205254545,
        "ci_lo_pp": -6.9540229885057485,
        "ci_hi_pp": 5.364737274220025
      },
      "2": {
        "own_n": 151,
        "own_acc": 55.62913907284768,
        "other_n": 682,
        "other_acc": 59.384164222873906,
        "delta_pp": -3.7550251500262255,
        "ci_lo_pp": -12.804300751587657,
        "ci_hi_pp": 4.856018527509653
      },
      "3": {
        "own_n": 120,
        "own_acc": 69.16666666666667,
        "other_n": 461,
        "other_acc": 74.62039045553145,
        "delta_pp": -5.453723788864783,
        "ci_lo_pp": -13.97134851771511,